<!-- ASEPRITE -->
<!-- Copyright (C) 2001-2012 by David Capello -->
<gui>
  <box noborders="true" vertical="true" id="main_box">
    <box noborders="true" horizontal="true" id="menubar" />
    <box noborders="true" horizontal="true" id="tabsbar" />
    <box noborders="true" horizontal="true" expansive="true">
      <splitter id="colorbarsplitter"
		horizontal="true" expansive="true"
		by="pixel" position="52">
	<box noborders="true" vertical="true" id="colorbar" />
	<box noborders="true" horizontal="true" id="editor" expansive="true" />
      </splitter>
      <box noborders="true" vertical="true" id="toolbar" />
    </box>
    <box noborders="true" horizontal="true" id="statusbar" />
  </box>
</gui>
