<!-- ASEPRITE -->
<!-- Copyright (C) 2001-2012 by David Capello -->
<gui>
<window text="Sprite Size" id="sprite_size">
  <box vertical="true">
    <box vertical="true">
      <separator text="Pixels:" left="true" horizontal="true" />
      <box vertical="true" expansive="true">
        <box horizontal="true">
          <box vertical="true" homogeneous="true">
            <label text="Width:" />
            <label text="Height:" />
          </box>
          <box vertical="true" homogeneous="true" expansive="true">
            <entry expansive="true" id="width_px" maxsize="8" magnet="true" tooltip="New width for the sprite (in pixels)" />
            <entry expansive="true" id="height_px" maxsize="8" tooltip="New height for the sprite (in pixels)" />
          </box>
          <check text="Lock Ratio" id="lock_ratio" selected="true" />
        </box>
      </box>
      <separator text="Percentage:" left="true" horizontal="true" />
      <box vertical="true" expansive="true">
        <box horizontal="true">
          <box vertical="true" homogeneous="true">
            <label text="Width:" />
            <label text="Height:" />
          </box>
          <box vertical="true" homogeneous="true" expansive="true">
            <entry expansive="true" text="100%%" id="width_perc" maxsize="8" magnet="true" tooltip="New width for the sprite&#10;Percentage of current width." />
            <entry expansive="true" text="100%%" id="height_perc" maxsize="8" tooltip="New height for the sprite&#10;Percentage of current height." />
          </box>
          <box horizontal="true" width="64" />
        </box>
      </box>
    </box>
    <separator text="Interpolation:" left="true" horizontal="true" />
    <box vertical="true" expansive="true">
      <box horizontal="true">
        <label text="Method:" />
        <combobox id="method" expansive="true" />
      </box>
    </box>
    <box horizontal="true">
      <box horizontal="true" expansive="true" />
      <box horizontal="true" homogeneous="true">
        <button text="&amp;OK" closewindow="true" id="ok" magnet="true" width="60" />
        <button text="&amp;Cancel" closewindow="true" />
      </box>
    </box>
  </box>
</window>
</gui>
