<?xml version="1.0" encoding="utf-8"?>
<skin name="Default"
      author="Ilija Melentijevic &amp; David Capello"
      url="http://ilkke.blogspot.com/">

  <cursors>
    <cursor id="normal"         x="80" y="0" w="16" h="16"      focusx="0" focusy="0" />
    <cursor id="normal_add"     x="80" y="16" w="16" h="16"     focusx="0" focusy="0" />
    <cursor id="forbidden"      x="80" y="32" w="16" h="16"     focusx="0" focusy="0" />
    <cursor id="hand"           x="80" y="48" w="16" h="16"     focusx="5" focusy="3" />
    <cursor id="scroll"         x="80" y="64" w="16" h="16"     focusx="8" focusy="8" />
    <cursor id="move"           x="80" y="80" w="16" h="16"     focusx="0" focusy="0" />
    <cursor id="size_tl"        x="80" y="96" w="16" h="16"     focusx="8" focusy="8" />
    <cursor id="size_t"         x="80" y="112" w="16" h="16"    focusx="8" focusy="8" />
    <cursor id="size_tr"        x="80" y="128" w="16" h="16"    focusx="8" focusy="8" />
    <cursor id="size_l"         x="80" y="144" w="16" h="16"    focusx="8" focusy="8" />
    <cursor id="size_r"         x="80" y="160" w="16" h="16"    focusx="8" focusy="8" />
    <cursor id="size_bl"        x="80" y="176" w="16" h="16"    focusx="8" focusy="8" />
    <cursor id="size_b"         x="80" y="192" w="16" h="16"    focusx="8" focusy="8" />
    <cursor id="size_br"        x="80" y="208" w="16" h="16"    focusx="8" focusy="8" />
    <cursor id="rotate_tl"      x="240" y="96" w="16" h="16"    focusx="8" focusy="8" />
    <cursor id="rotate_t"       x="240" y="112" w="16" h="16"   focusx="8" focusy="8" />
    <cursor id="rotate_tr"      x="240" y="128" w="16" h="16"   focusx="8" focusy="8" />
    <cursor id="rotate_l"       x="240" y="144" w="16" h="16"   focusx="8" focusy="8" />
    <cursor id="rotate_r"       x="240" y="160" w="16" h="16"   focusx="8" focusy="8" />
    <cursor id="rotate_bl"      x="240" y="176" w="16" h="16"   focusx="8" focusy="8" />
    <cursor id="rotate_b"       x="240" y="192" w="16" h="16"   focusx="8" focusy="8" />
    <cursor id="rotate_br"      x="240" y="208" w="16" h="16"   focusx="8" focusy="8" />
    <cursor id="eyedropper"     x="80" y="224" w="16" h="16"    focusx="0" focusy="15" />
  </cursors>

  <tools>

    <tool id="rectangular_marquee"      x="144" y="0" w="16" h="16" />
    <tool id="elliptical_marquee"       x="160" y="0" w="16" h="16" />
    <tool id="lasso"                    x="176" y="0" w="16" h="16" />
    <tool id="polygonal_lasso"          x="192" y="0" w="16" h="16" />
    <tool id="magic_wand"               x="208" y="0" w="16" h="16" />

    <tool id="pencil"                   x="144" y="16" w="16" h="16" />
    <tool id="spray"                    x="160" y="16" w="16" h="16" />

    <tool id="eraser"                   x="144" y="32" w="16" h="16" />
    <tool id="eyedropper"               x="160" y="32" w="16" h="16" />
    <tool id="hand"                     x="176" y="32" w="16" h="16" />
    <tool id="move"                     x="192" y="32" w="16" h="16" />

    <tool id="paint_bucket"             x="144" y="48" w="16" h="16" />

    <tool id="line"                     x="144" y="64" w="16" h="16" />
    <tool id="curve"                    x="160" y="64" w="16" h="16" />

    <tool id="rectangle"                x="144" y="80" w="16" h="16" />
    <tool id="filled_rectangle"         x="160" y="80" w="16" h="16" />
    <tool id="ellipse"                  x="176" y="80" w="16" h="16" />
    <tool id="filled_ellipse"           x="192" y="80" w="16" h="16" />

    <tool id="contour"                  x="144" y="96" w="16" h="16" />
    <tool id="polygon"                  x="160" y="96" w="16" h="16" />

    <!--tool id="shade"                 x="144" y="112" w="16" h="16" /-->
    <tool id="blur"                     x="160" y="112" w="16" h="16" />
    <tool id="jumble"                   x="176" y="112" w="16" h="16" />

    <tool id="configuration"            x="144" y="128" w="16" h="16" />
    <tool id="minieditor"               x="160" y="128" w="16" h="16" />
  </tools>

  <parts>
    <part id="radio_normal"                     x="32" y="32" w="8" h="8" />
    <part id="radio_selected"                   x="32" y="48" w="8" h="8" />
    <part id="radio_disabled"                   x="32" y="32" w="8" h="8" />
    <part id="check_normal"                     x="48" y="64" w="8" h="8" />
    <part id="check_selected"                   x="48" y="80" w="8" h="8" />
    <part id="check_disabled"                   x="48" y="64" w="8" h="8" />
    <part id="check_focus"                      x="32" y="64" w1="2" w2="6" w3="2" h1="2" h2="6" h3="2" />
    <part id="radio_focus"                      x="32" y="64" w1="2" w2="6" w3="2" h1="2" h2="6" h3="2" />
    <part id="button_normal"                    x="48" y="0" w1="4" w2="6" w3="4" h1="4" h2="6" h3="6" />
    <part id="button_hot"                       x="64" y="0" w1="4" w2="6" w3="4" h1="4" h2="6" h3="6" />
    <part id="button_focused"                   x="48" y="16" w1="4" w2="6" w3="4" h1="4" h2="6" h3="6" />
    <part id="button_selected"                  x="64" y="16" w1="4" w2="6" w3="4" h1="4" h2="6" h3="6" />
    <part id="sunken_normal"                    x="0" y="32" w1="4" w2="4" w3="4" h1="4" h2="4" h3="4" />
    <part id="sunken_focused"                   x="0" y="48" w1="4" w2="4" w3="4" h1="4" h2="4" h3="4" />
    <part id="sunken2_normal"                   x="0" y="64" w1="5" w2="6" w3="5" h1="5" h2="6" h3="5" />
    <part id="sunken2_focused"                  x="0" y="80" w1="5" w2="6" w3="5" h1="5" h2="6" h3="5" />
    <part id="sunken_mini_normal"               x="16" y="64" w1="4" w2="4" w3="4" h1="4" h2="4" h3="4" />
    <part id="sunken_mini_focused"              x="16" y="80" w1="4" w2="4" w3="4" h1="4" h2="4" h3="4" />
    <part id="window"                           x="0" y="0" w1="3" w2="7" w3="3" h1="15" h2="4" h3="5" />
    <part id="menu"                             x="0" y="96" w1="3" w2="10" w3="3" h1="3" h2="9" h3="4" />
    <part id="window_close_button_normal"       x="16" y= "0" w="9" h="11" />
    <part id="window_close_button_hot"          x="16" y="16" w="9" h="11" />
    <part id="window_close_button_selected"     x="16" y="32" w="9" h="11" />
    <part id="slider_full"                      x="0" y="144" w1="5" w2="6" w3="5" h1="5" h2="5" h3="6" />
    <part id="slider_empty"                     x="16" y="144" w1="5" w2="6" w3="5" h1="5" h2="5" h3="6" />
    <part id="slider_full_focused"              x="0" y="160" w1="5" w2="6" w3="5" h1="5" h2="5" h3="6" />
    <part id="slider_empty_focused"             x="16" y="160" w1="5" w2="6" w3="5" h1="5" h2="5" h3="6" />
    <part id="mini_slider_full"                 x="32" y="144" w1="5" w2="6" w3="5" h1="5" h2="5" h3="6" />
    <part id="mini_slider_empty"                x="48" y="144" w1="5" w2="6" w3="5" h1="5" h2="5" h3="6" />
    <part id="mini_slider_full_focused"         x="32" y="160" w1="5" w2="6" w3="5" h1="5" h2="5" h3="6" />
    <part id="mini_slider_empty_focused"        x="48" y="160" w1="5" w2="6" w3="5" h1="5" h2="5" h3="6" />
    <part id="mini_slider_thumb"                x="32" y="176" w="5" h="6" />
    <part id="mini_slider_thumb_focused"        x="48" y="176" w="5" h="6" />
    <part id="separator_horz"                   x="32" y="80" w="9" h="5" />
    <part id="separator_vert"                   x="32" y="96" w="5" h="9" />
    <part id="combobox_arrow_down"              x="100" y="148" w="9" h="9" />
    <part id="combobox_arrow_down_selected"     x="116" y="148" w="9" h="9" />
    <part id="combobox_arrow_down_disabled"     x="132" y="148" w="9" h="9" />
    <part id="combobox_arrow_up"                x="100" y="163" w="9" h="9" />
    <part id="combobox_arrow_up_selected"       x="116" y="163" w="9" h="9" />
    <part id="combobox_arrow_up_disabled"       x="132" y="163" w="9" h="9" />
    <part id="combobox_arrow_left"              x="99" y="180" w="9" h="9" />
    <part id="combobox_arrow_left_selected"     x="115" y="180" w="9" h="9" />
    <part id="combobox_arrow_left_disabled"     x="131" y="180" w="9" h="9" />
    <part id="combobox_arrow_right"             x="99" y="196" w="9" h="9" />
    <part id="combobox_arrow_right_selected"    x="115" y="196" w="9" h="9" />
    <part id="combobox_arrow_right_disabled"    x="131" y="196" w="9" h="9" />
    <part id="toolbutton_normal"                x="96" y="0" w1="3" w2="10" w3="3" h1="3" h2="9" h3="4" />
    <part id="toolbutton_hot"                   x="112" y="0" w1="3" w2="10" w3="3" h1="3" h2="9" h3="4" />
    <part id="toolbutton_last"                  x="96" y="16" w1="3" w2="10" w3="3" h1="3" h2="9" h3="4" />
    <part id="toolbutton_pushed"                x="112" y="16" w1="3" w2="10" w3="3" h1="3" h2="9" h3="4" />
    <part id="tab_normal"                       x="2" y="112" w1="4" w2="5" w3="5" h1="4" h2="6" h3="2" />
    <part id="tab_selected"                     x="16" y="112" w1="4" w2="7" w3="5" h1="4" h2="6" h3="2" />
    <part id="tab_bottom_selected"              x="16" y="124" w1="4" w2="7" w3="5" h1="2" h2="1" h3="2" />
    <part id="tab_bottom_normal"                x="2" y="124" w="12" h="5" />
    <part id="tab_filler"                       x="0" y="112" w="2" h="12" />
    <part id="editor_normal"                    x="32" y="112" w1="3" w2="10" w3="3" h1="3" h2="10" h3="3" />
    <part id="editor_selected"                  x="48" y="112" w1="3" w2="10" w3="3" h1="3" h2="10" h3="3" />
    <part id="colorbar_0"                       x="0" y="192" w1="5" w2="6" w3="5" h1="5" h2="6" h3="5" />
    <part id="colorbar_1"                       x="16" y="192" w1="5" w2="6" w3="5" h1="5" h2="6" h3="5" />
    <part id="colorbar_2"                       x="0" y="208" w1="5" w2="6" w3="5" h1="5" h2="6" h3="5" />
    <part id="colorbar_3"                       x="16" y="208" w1="5" w2="6" w3="5" h1="5" h2="6" h3="5" />
    <part id="colorbar_border_fg"               x="0" y="224" w1="5" w2="6" w3="5" h1="5" h2="6" h3="5" />
    <part id="colorbar_border_bg"               x="16" y="224" w1="5" w2="6" w3="5" h1="5" h2="6" h3="5" />
    <part id="colorbar_border_hotfg"            x="32" y="224" w1="5" w2="6" w3="5" h1="5" h2="6" h3="5" />
    <part id="scrollbar_bg"                     x="64" y="144" w1="5" w2="6" w3="5" h1="5" h2="6" h3="5" />
    <part id="scrollbar_thumb"                  x="64" y="160" w1="5" w2="6" w3="5" h1="5" h2="6" h3="5" />
    <part id="tooltip"                          x="112" y="64" w1="5" w2="6" w3="5" h1="5" h2="5" h3="6" />
    <part id="tooltip_arrow"                    x="128" y="64" w1="5" w2="6" w3="5" h1="5" h2="5" h3="6" />
    <part id="ani_first"                        x="144" y="192" w="8" h="8" />
    <part id="ani_first_selected"               x="144" y="200" w="8" h="8" />
    <part id="ani_first_disabled"               x="144" y="192" w="8" h="8" />
    <part id="ani_previous"                     x="160" y="192" w="8" h="8" />
    <part id="ani_previous_selected"            x="160" y="200" w="8" h="8" />
    <part id="ani_previous_disabled"            x="168" y="192" w="8" h="8" />
    <part id="ani_play"                         x="176" y="192" w="8" h="8" />
    <part id="ani_play_selected"                x="176" y="200" w="8" h="8" />
    <part id="ani_play_disabled"                x="184" y="192" w="8" h="8" />
    <part id="ani_next"                         x="192" y="192" w="8" h="8" />
    <part id="ani_next_selected"                x="192" y="200" w="8" h="8" />
    <part id="ani_next_disabled"                x="200" y="192" w="8" h="8" />
    <part id="ani_last"                         x="208" y="192" w="8" h="8" />
    <part id="ani_last_selected"                x="208" y="200" w="8" h="8" />
    <part id="ani_last_disabled"                x="216" y="192" w="8" h="8" />
    <part id="target_one"                       x="144" y="224" w="32" h="16" />
    <part id="target_one_selected"              x="144" y="240" w="32" h="16" />
    <part id="target_frames"                    x="176" y="224" w="32" h="16" />
    <part id="target_frames_selected"           x="176" y="240" w="32" h="16" />
    <part id="target_layers"                    x="208" y="224" w="32" h="16" />
    <part id="target_layers_selected"           x="208" y="240" w="32" h="16" />
    <part id="target_frames_layers"             x="240" y="224" w="32" h="16" />
    <part id="target_frames_layers_selected"    x="240" y="240" w="32" h="16" />
    <part id="brush_circle"                     x="144" y="144" w="7" h="7" />
    <part id="brush_circle_selected"            x="144" y="152" w="7" h="7" />
    <part id="brush_square"                     x="160" y="144" w="7" h="7" />
    <part id="brush_square_selected"            x="160" y="152" w="7" h="7" />
    <part id="brush_line"                       x="176" y="144" w="6" h="6" />
    <part id="brush_line_selected"              x="176" y="152" w="6" h="6" />
    <part id="scale_arrow_1"                    x="96" y="224" w="11" h="11" />
    <part id="scale_arrow_2"                    x="112" y="224" w="7" h="12" />
    <part id="scale_arrow_3"                    x="128" y="224" w="12" h="7" />
    <part id="rotate_arrow_1"                   x="96" y="240" w="11" h="11" />
    <part id="rotate_arrow_2"                   x="112" y="240" w="15" h="10" />
    <part id="rotate_arrow_3"                   x="128" y="240" w="10" h="15" />
    <part id="layer_visible"                    x="144" y="160" w="8" h="8" />
    <part id="layer_visible_selected"           x="144" y="168" w="8" h="8" />
    <part id="layer_hidden"                     x="160" y="160" w="8" h="8" />
    <part id="layer_hidden_selected"            x="160" y="168" w="8" h="8" />
    <part id="layer_editable"                   x="144" y="176" w="8" h="8" />
    <part id="layer_editable_selected"          x="144" y="184" w="8" h="8" />
    <part id="layer_locked"                     x="160" y="176" w="8" h="8" />
    <part id="layer_locked_selected"            x="160" y="184" w="8" h="8" />
    <part id="unpinned"                         x="192" y="144" w="8" h="8" />
    <part id="pinned"                           x="200" y="144" w="8" h="8" />
    <part id="drop_down_button_left_normal"     x="48" y="32" w1="3" w2="2" w3="3" h1="4" h2="6" h3="6" />
    <part id="drop_down_button_left_hot"        x="64" y="32" w1="3" w2="2" w3="3" h1="4" h2="6" h3="6" />
    <part id="drop_down_button_left_focused"    x="48" y="48" w1="3" w2="2" w3="3" h1="4" h2="6" h3="6" />
    <part id="drop_down_button_left_selected"   x="64" y="48" w1="3" w2="2" w3="3" h1="4" h2="6" h3="6" />
    <part id="drop_down_button_right_normal"    x="56" y="32" w1="2" w2="1" w3="3" h1="4" h2="6" h3="6" />
    <part id="drop_down_button_right_hot"       x="72" y="32" w1="2" w2="1" w3="3" h1="4" h2="6" h3="6" />
    <part id="drop_down_button_right_focused"   x="55" y="48" w1="2" w2="2" w3="3" h1="4" h2="6" h3="6" />
    <part id="drop_down_button_right_selected"  x="71" y="48" w1="2" w2="2" w3="3" h1="4" h2="6" h3="6" />
    <part id="transformation_handle"            x="208" y="144" w="5" h="5" />
    <part id="pivot_handle"                     x="224" y="144" w="9" h="9" />
  </parts>

</skin>
